{
  "results": {
    "boolq": {
      "acc": 0.5250764525993884,
      "acc_stderr": 0.008734049772486763
    },
    "arc_challenge": {
      "acc": 0.29266211604095566,
      "acc_stderr": 0.013295916103619413,
      "acc_norm": 0.3455631399317406,
      "acc_norm_stderr": 0.013896938461145682
    },
    "arc_easy": {
      "acc": 0.593013468013468,
      "acc_stderr": 0.010080695355466596,
      "acc_norm": 0.5656565656565656,
      "acc_norm_stderr": 0.010170943451269421
    },
    "piqa": {
      "acc": 0.7241566920565833,
      "acc_stderr": 0.010427805502729115,
      "acc_norm": 0.7132752992383025,
      "acc_norm_stderr": 0.01055131450310808
    },
    "winogrande": {
      "acc": 0.569060773480663,
      "acc_stderr": 0.01391779662333597
    },
    "hellaswag": {
      "acc": 0.41206930890260907,
      "acc_stderr": 0.004912015369160082,
      "acc_norm": 0.5373431587333201,
      "acc_norm_stderr": 0.004975845335086618
    }
  },
  "versions": {
    "boolq": 1,
    "arc_challenge": 0,
    "arc_easy": 0,
    "piqa": 0,
    "winogrande": 0,
    "hellaswag": 0
  },
  "config": {
    "model": "hf-causal-experimental",
    "model_args": "checkpoint=prune_log/llama3_prune/pytorch_model.bin,peft=tune_log/llama3_tune,config_pretrained=meta-llama/Meta-Llama-3.1-8B-Instruct",
    "num_fewshot": 0,
    "batch_size": null,
    "device": "cuda:0",
    "no_cache": true,
    "limit": null,
    "bootstrap_iters": 100000,
    "description_dict": {}
  }
}