{"train/grad_norm":16.53034210205078,"total_flos":1.003060617858515e+18,"train_runtime":8529.2214,"train/epoch":2.9942122186495177,"train_loss":1.7566840945650213,"eval/yahma/alpaca-cleaned_steps_per_second":6.148,"train_samples_per_second":17.502,"_runtime":8528.39897564,"eval/yahma/alpaca-cleaned_samples_per_second":49.186,"train/learning_rate":5.639097744360902e-08,"eval/yahma/alpaca-cleaned_runtime":40.662,"train/loss":1.5904,"_step":128,"train/global_step":1164,"_wandb":{"runtime":8529},"_timestamp":1.7333868747754376e+09,"eval/yahma/alpaca-cleaned_loss":1.6253483295440674,"train_steps_per_second":0.136}